Key,Fcm Notification Type,Fcm Sub Category,Trip Category,Should Trigger,Body,Title,Dutch_Body,Dutch_Title,Body (German),Title (German),Body (French),Title (French),Finnish Body (Suomi),Finnish Title (Suomi),Swedish Body (Svenska),Swedish Title (Svenska)
FIRST_RIDE_EVENT,FIRST_RIDE_EVENT,,Delivery_OneWayOnDemandDynamicOffer,,Congratulations! You have done your first parcel delivery with us.,First Parcel Delivery,Gefeliciteerd! Je hebt je eerste pakket bezorgd.,Eerste Pakketbezorging,Gl√ºckwunsch! Sie haben Ihr erstes Paket zugestellt.,Erste Paketzustellung,F√©licitations ! Vous avez fait votre premi√®re livraison de colis.,Premi√®re Livraison,Onnittelut! Ensimm√§inen pakettikuljetuksesi on tehty.,Ensimm√§inen pakettikuljetus,Grattis! Du har gjort din f√∂rsta paketleverans med oss.,F√∂rsta paketleveransen
EST_OR_QUOTE_REALLOCATED,REALLOCATE_PRODUCT,ByMerchant,,,"The ride for {#bookingStartTime#}, is cancelled. Please wait while we allocate you another driver.",Searching for a New Driver!,De rit van {#bookingStartTime#} is geannuleerd. We zoeken een nieuwe chauffeur.,Nieuwe chauffeur gezocht!,Die Fahrt um {#bookingStartTime#} wurde storniert. Wir suchen einen neuen Fahrer.,Suchen neuen Fahrer!,La course de {#bookingStartTime#} est annul√©e. Nous cherchons un nouveau chauffeur.,Recherche d'un nouveau chauffeur !,"Kyyti ajalle {#bookingStartTime#} on peruttu. Odota, etsimme sinulle uutta kuljettajaa.",Etsit√§√§n uutta kuljettajaa!,Resan f√∂r {#bookingStartTime#} har avbokats. V√§nta medan vi hittar en ny f√∂rare √•t dig.,S√∂ker efter en ny f√∂rare!
FCM_CHAT_MESSAGE,FCM_CHAT_MESSAGE,,,,Your driver tried to contact you but couldn't get through. Please call them back to coordinate your pickup.,Missed Call: Quick Action Required,Uw chauffeur probeerde u te bellen. Bel terug om de ophaaltijd af te stemmen.,Gemiste Oproep: Actie Vereist,"Ihr Fahrer hat versucht, Sie zu erreichen. Bitte rufen Sie zur√ºck, um die Abholung zu koordinieren.",Verpasster Anruf: Handeln n√∂tig,Votre chauffeur a tent√© de vous joindre. Veuillez le rappeler pour organiser la prise en charge.,Appel manqu√© : Action requise,Kuljettajasi yritti tavoittaa sinua. Soita h√§nelle takaisin sopiaksesi noudosta.,Vastaamaton puhelu: Toimi heti,Din f√∂rare f√∂rs√∂kte n√• dig men kom inte fram. Ring tillbaka f√∂r att samordna upph√§mtningen.,Missat samtal: √Ötg√§rd kr√§vs
FIRST_RIDE_EVENT,FIRST_RIDE_EVENT,,,,Your choice supports drivers directly and makes a real difference.,üéâ Congrats on your 1st Ride with Bridge !,Jouw keuze steunt chauffeurs direct en maakt echt een verschil.,üéâ Gefeliciteerd met je 1e rit met Bridge!,Deine Wahl unterst√ºtzt Fahrer direkt und macht einen echten Unterschied.,üéâ Gl√ºckwunsch zur 1. Fahrt mit Bridge!,Votre choix soutient directement les chauffeurs et fait une r√©elle diff√©rence.,üéâ F√©licitations pour votre 1er trajet avec Bridge !,Valintasi tukee kuljettajia suoraan ja sill√§ on todellista merkityst√§.,üéâ Onnittelut 1. matkasta Lynxill√§!,Ditt val st√∂ttar f√∂rare direkt och g√∂r verklig skillnad.,üéâ Grattis till din f√∂rsta resa med Lynx!
DRIVER_QUOTE_INCOMING,DRIVER_QUOTE_INCOMING,,,,There are new driver offers! Check the app for details,New driver offers incoming!,Er zijn nieuwe chauffeursaanbiedingen! Bekijk de app voor details.,Nieuwe chauffeursaanbiedingen!,Neue Fahrerangebote! Details in der App.,Neue Fahrerangebote!,Nouvelles offres chauffeurs ! Consultez l'app pour les d√©tails.,Nouvelles offres chauffeurs !,Uusia kuljettajatarjouksia saatavilla! Katso tiedot sovelluksesta.,Uusia kuljettajatarjouksia!,Det finns nya f√∂rarerbjudanden! Se appen f√∂r detaljer.,Nya f√∂rarerbjudanden p√• ing√•ng!
DRIVER_ASSIGNMENT,DRIVER_ASSIGNMENT,,,,{#driverName#} will be your driver for this trip.,Driver assigned!,{#driverName#} wordt uw chauffeur voor deze rit.,Chauffeur toegewezen!,{#driverName#} wird Ihr Fahrer f√ºr diese Fahrt sein.,Fahrer zugewiesen!,{#driverName#} sera votre chauffeur pour ce trajet.,Chauffeur assign√© !,{#driverName#} on kuljettajasi t√§ll√§ matkalla.,Kuljettaja nimetty!,{#driverName#} kommer att vara din f√∂rare p√• denna resa.,F√∂rare tilldelad!
TRIP_STARTED,TRIP_STARTED,,,,Your {#serviceTierName#} ride with {#driverName#} has started. Enjoy the ride!,Your {#serviceTierName#} ride has started!,Je {#serviceTierName#}-rit met {#driverName#} is begonnen. Geniet van de rit!,Je {#serviceTierName#}-rit is begonnen!,Deine {#serviceTierName#}-Fahrt mit {#driverName#} hat begonnen. Gute Fahrt!,Deine {#serviceTierName#}-Fahrt hat begonnen!,Votre trajet {#serviceTierName#} avec {#driverName#} a commenc√©. Bon voyage !,Votre trajet {#serviceTierName#} a commenc√© !,{#serviceTierName#} -matkasi kuljettajan {#driverName#} kanssa on alkanut. Hyv√§√§ matkaa!,{#serviceTierName#} -matkasi on alkanut!,Din {#serviceTierName#}-resa med {#driverName#} har b√∂rjat. Trevlig resa!,Din {#serviceTierName#}-resa har b√∂rjat!
EXPIRED_CASE,EXPIRED_CASE,,,,Your ride has expired as you did not confirm any offer. Please book again to continue.,Ride expired!,Je rit is verlopen omdat je geen aanbod hebt bevestigd. Boek opnieuw.,Rit verlopen!,"Deine Fahrt ist abgelaufen, da du kein Angebot best√§tigt hast. Bitte buche erneut.",Fahrt abgelaufen!,Votre course a expir√© car vous n'avez confirm√© aucune offre. Veuillez r√©server √† nouveau.,Course expir√©e !,"Kyytipyynt√∂si vanheni, koska et hyv√§ksynyt tarjousta. Tilaa uudelleen jatkaaksesi.",Kyytipyynt√∂ vanhentui!,Din resa har l√∂pt ut d√• du inte bekr√§ftade n√•got erbjudande. Boka igen f√∂r att forts√§tta.,Resan har l√∂pt ut!
REGISTRATION_APPROVED,REGISTRATION_APPROVED,,,,Welcome to Yatri. Click here to book your first ride with us.,Registration Completed!,Welkom bij Yatri. Klik hier om je eerste rit te boeken.,Registratie voltooid!,"Willkommen bei Yatri. Klicke hier, um deine erste Fahrt zu buchen.",Registrierung abgeschlossen!,Bienvenue sur Yatri. Cliquez ici pour r√©server votre premier trajet.,Inscription termin√©e !,Tervetuloa Lynxiin. Tilaa ensimm√§inen kyytisi napauttamalla t√§st√§.,Rekister√∂inti valmis!,V√§lkommen till Lynx. Klicka h√§r f√∂r att boka din f√∂rsta resa med oss.,Registrering slutf√∂rd!
BOOKING_CANCEL_WITH_RIDE,CANCELLED_PRODUCT,ByUser,,,You have cancelled your ride for {#bookingStartTime#}. Check the app for details.,Ride cancelled!,Je hebt je rit voor {#bookingStartTime#} geannuleerd. Bekijk de app.,Rit geannuleerd!,Du hast deine Fahrt f√ºr {#bookingStartTime#} storniert. Details in der App.,Fahrt storniert!,Vous avez annul√© votre course pour {#bookingStartTime#}. Consultez l'app.,Course annul√©e !,Olet perunut kyydin ajalle {#bookingStartTime#}. Katso tiedot sovelluksesta.,Kyyti peruttu!,Du har avbokat din resa f√∂r {#bookingStartTime#}. Se appen f√∂r detaljer.,Resa avbokad!
BOOKING_CANCEL_WITH_RIDE,CANCELLED_PRODUCT,ByMerchant,,,"""{#orgName#}"" agency had to cancel the ride for {#bookingStartTime#}. Please book again to get another ride.",Ride cancelled!,"Agentschap ""{#orgName#}"" moest de rit voor {#bookingStartTime#} annuleren. Boek alstublieft opnieuw voor een andere rit.",Rit geannuleerd!,"Die Agentur ""{#orgName#}"" musste die Fahrt f√ºr {#bookingStartTime#} stornieren. Bitte buchen Sie erneut, um eine andere Fahrt zu erhalten.",Fahrt storniert!,"L'agence ""{#orgName#}"" a d√ª annuler la course pour {#bookingStartTime#}. Veuillez r√©server √† nouveau pour un autre trajet.",Course annul√©e !,{#orgName#} joutui perumaan kyydin ajalle {#bookingStartTime#}. Tilaa uusi kyyti.,Kyyti peruttu!,{#orgName#} var tvungna att avboka resan f√∂r {#bookingStartTime#}. Boka igen f√∂r att f√• en ny resa.,Resa avbokad!
BOOKING_CANCEL_WITH_RIDE,CANCELLED_PRODUCT,ByDriver,,,The driver had to cancel the ride for {#bookingStartTime#}. Please book again to get another ride.,Ride cancelled!,De chauffeur moest de rit annuleren. Boek alstublieft opnieuw.,Rit geannuleerd!,Der Fahrer musste die Fahrt stornieren. Bitte buche erneut.,Fahrt storniert!,Le chauffeur a d√ª annuler la course. Veuillez r√©server √† nouveau.,Course annul√©e !,Kuljettaja joutui perumaan kyydin ajalle {#bookingStartTime#}. Tilaa uusi kyyti.,Kyyti peruttu!,F√∂raren var tvungen att avboka resan f√∂r {#bookingStartTime#}. Boka igen f√∂r att f√• en ny resa.,Resa avbokad!
BOOKING_CANCEL_WITH_RIDE,CANCELLED_PRODUCT,ByAllocator,,,The ride for {#bookingStartTime#} was cancelled as we could not find a driver. Please book again to get another ride.,Ride cancelled!,"De rit is geannuleerd, we konden geen chauffeur vinden. Boek alstublieft opnieuw.",Rit geannuleerd!,"Fahrt storniert, kein Fahrer gefunden. Bitte buche erneut.",Fahrt storniert!,"Course annul√©e, aucun chauffeur trouv√©. Veuillez r√©server √† nouveau.",Course annul√©e !,"Kyyti ajalle {#bookingStartTime#} peruttiin, koska kuljettajaa ei l√∂ytynyt. Tilaa uusi kyyti.",Kyyti peruttu!,Resan f√∂r {#bookingStartTime#} avbokades d√• vi inte hittade n√•gon f√∂rare. Boka igen f√∂r att f√• en ny resa.,Resa avbokad!
BOOKING_CANCEL_WITH_RIDE,CANCELLED_PRODUCT,ByApplication,,,Sorry your ride for {#bookingStartTime#} was cancelled. Please try to book again.,Ride cancelled!,"Sorry, je rit voor {#bookingStartTime#} is geannuleerd. Probeer opnieuw te boeken.",Rit geannuleerd!,"Entschuldigung, deine Fahrt f√ºr {#bookingStartTime#} wurde storniert. Bitte versuche es erneut.",Fahrt storniert!,"D√©sol√©, votre course de {#bookingStartTime#} a √©t√© annul√©e. Veuillez r√©essayer.",Course annul√©e !,"Pahoittelut, kyytisi ajalle {#bookingStartTime#} on peruttu. Tilaa uusi kyyti.",Kyyti peruttu!,Tyv√§rr avbokades din resa f√∂r {#bookingStartTime#}. F√∂rs√∂k boka igen.,Resa avbokad!
BOOKING_CANCEL_WITH_NO_RIDE,CANCELLED_PRODUCT,ByUser,,,You have cancelled your ride for {#bookingStartTime#}. Check the app for details.,Ride cancelled!,Je hebt je rit voor {#bookingStartTime#} geannuleerd. Bekijk de app.,Rit geannuleerd!,Du hast deine Fahrt f√ºr {#bookingStartTime#} storniert. Details in der App.,Fahrt storniert!,Vous avez annul√© votre course pour {#bookingStartTime#}. Consultez l'app.,Course annul√©e !,Olet perunut kyydin ajalle {#bookingStartTime#}. Katso tiedot sovelluksesta.,Kyyti peruttu!,Du har avbokat din resa f√∂r {#bookingStartTime#}. Se appen f√∂r detaljer.,Resa avbokad!
BOOKING_CANCEL_WITH_NO_RIDE,CANCELLED_PRODUCT,ByMerchant,,,"""{#orgName#}"" agency had to cancel the ride for {#bookingStartTime#}. Please book again to get another ride.",Ride Unavailable!,"Agentschap ""{#orgName#}"" moest de rit voor {#bookingStartTime#} annuleren. Boek alstublieft opnieuw voor een andere rit.",Rit niet beschikbaar!,"Die Agentur ""{#orgName#}"" musste die Fahrt f√ºr {#bookingStartTime#} stornieren. Bitte buchen Sie erneut, um eine andere Fahrt zu erhalten.",Fahrt nicht verf√ºgbar!,"L'agence ""{#orgName#}"" a d√ª annuler la course pour {#bookingStartTime#}. Veuillez r√©server √† nouveau pour un autre trajet.",Course indisponible !,{#orgName#} joutui perumaan kyydin ajalle {#bookingStartTime#}. Tilaa uusi kyyti.,Kyyti ei saatavilla!,{#orgName#} var tvungna att avboka resan f√∂r {#bookingStartTime#}. Boka igen f√∂r att f√• en ny resa.,Resa ej tillg√§nglig!
BOOKING_CANCEL_WITH_NO_RIDE,CANCELLED_PRODUCT,ByDriver,,,"Sorry, we could not find any driver for your ride at {#bookingStartTime#}. Please try to book again.",Ride Unavailable!,"Sorry, we konden geen chauffeur vinden voor uw rit om {#bookingStartTime#}. Probeer opnieuw.",Rit niet beschikbaar!,Leider konnten wir keinen Fahrer f√ºr Ihre Fahrt um {#bookingStartTime#} finden. Bitte versuchen Sie es erneut.,Fahrt nicht verf√ºgbar!,"D√©sol√©, nous n'avons trouv√© aucun chauffeur pour {#bookingStartTime#}. Veuillez r√©essayer.",Course indisponible !,"Pahoittelut, emme l√∂yt√§neet kuljettajaa ajalle {#bookingStartTime#}. Tilaa uusi kyyti.",Kyyti ei saatavilla!,Tyv√§rr kunde vi inte hitta n√•gon f√∂rare f√∂r din resa {#bookingStartTime#}. F√∂rs√∂k boka igen.,Resa ej tillg√§nglig!
BOOKING_CANCEL_WITH_NO_RIDE,CANCELLED_PRODUCT,ByAllocator,,,The ride for {#bookingStartTime#} was cancelled as we could not find a driver. Please book again to get another ride.,Ride Unavailable!,"De rit is geannuleerd, we konden geen chauffeur vinden. Boek alstublieft opnieuw.",Rit niet beschikbaar!,"Fahrt storniert, kein Fahrer gefunden. Bitte buche erneut.",Fahrt nicht verf√ºgbar!,"Course annul√©e, aucun chauffeur trouv√©. Veuillez r√©server √† nouveau.",Course indisponible !,"Kyyti ajalle {#bookingStartTime#} peruttiin, koska kuljettajaa ei l√∂ytynyt. Tilaa uusi kyyti.",Kyyti ei saatavilla!,Resan f√∂r {#bookingStartTime#} avbokades d√• vi inte hittade n√•gon f√∂rare. Boka igen f√∂r att f√• en ny resa.,Resa ej tillg√§nglig!
BOOKING_CANCEL_WITH_NO_RIDE,CANCELLED_PRODUCT,ByApplication,,,"Sorry, we could not find any driver for your ride at {#bookingStartTime#}. Please try to book again.",Ride Unavailable!,"Sorry, we konden geen chauffeur vinden voor uw rit om {#bookingStartTime#}. Probeer opnieuw.",Rit niet beschikbaar!,Leider konnten wir keinen Fahrer f√ºr Ihre Fahrt um {#bookingStartTime#} finden. Bitte versuchen Sie es erneut.,Fahrt nicht verf√ºgbar!,"D√©sol√©, nous n'avons trouv√© aucun chauffeur pour {#bookingStartTime#}. Veuillez r√©essayer.",Course indisponible !,"Pahoittelut, emme l√∂yt√§neet kuljettajaa ajalle {#bookingStartTime#}. Tilaa uusi kyyti.",Kyyti ei saatavilla!,Tyv√§rr kunde vi inte hitta n√•gon f√∂rare f√∂r din resa {#bookingStartTime#}. F√∂rs√∂k boka igen.,Resa ej tillg√§nglig!
BOOKING_REALLOCATED,REALLOCATE_PRODUCT,,,,The driver had to cancel the ride for {#bookingStartTime#}. Please wait until we allocate another driver.,Ride cancelled! We are allocating another driver,De chauffeur heeft de rit geannuleerd. We wijzen een andere chauffeur toe.,Rit geannuleerd! We zoeken een nieuwe chauffeur.,Der Fahrer hat die Fahrt storniert. Wir weisen einen neuen Fahrer zu.,Fahrt storniert! Wir weisen einen neuen Fahrer zu.,Le chauffeur a annul√© la course. Nous vous assignons un autre chauffeur.,Course annul√©e ! Nous vous cherchons un nouveau chauffeur.,"Kuljettaja joutui perumaan kyydin ajalle {#bookingStartTime#}. Odota, etsimme uutta kuljettajaa.",Kyyti peruttu! Etsit√§√§n uutta kuljettajaa,F√∂raren var tvungen att avboka resan f√∂r {#bookingStartTime#}. V√§nta medan vi hittar en ny f√∂rare.,Resa avbokad! Vi s√∂ker en ny f√∂rare
EST_OR_QUOTE_REALLOCATED,REALLOCATE_PRODUCT,ByUser,,,You have cancelled your ride for {#bookingStartTime#}. Please wait while we allocate you another driver.,Searching for a New Driver!,Je hebt je rit geannuleerd. We zoeken een nieuwe chauffeur voor je.,Nieuwe chauffeur gezocht!,Du hast deine Fahrt storniert. Wir suchen einen neuen Fahrer f√ºr dich.,Suchen neuen Fahrer!,Vous avez annul√© votre course. Nous cherchons un nouveau chauffeur.,Recherche d'un nouveau chauffeur !,"Olet perunut kyydin ajalle {#bookingStartTime#}. Odota, etsimme sinulle uutta kuljettajaa.",Etsit√§√§n uutta kuljettajaa!,Du har avbokat din resa f√∂r {#bookingStartTime#}. V√§nta medan vi hittar en ny f√∂rare √•t dig.,S√∂ker efter en ny f√∂rare!
EST_OR_QUOTE_REALLOCATED,REALLOCATE_PRODUCT,ByDriver,,,The driver had cancelled the ride for {#bookingStartTime#}. Please wait while we allocate you another driver.,Searching for a New Driver!,De chauffeur heeft de rit geannuleerd. We zoeken een nieuwe chauffeur.,Nieuwe chauffeur gezocht!,Der Fahrer hat die Fahrt storniert. Wir suchen einen neuen Fahrer.,Suchen neuen Fahrer!,Le chauffeur a annul√© la course. Nous cherchons un nouveau chauffeur.,Recherche d'un nouveau chauffeur !,"Kuljettaja on perunut kyydin ajalle {#bookingStartTime#}. Odota, etsimme sinulle uutta kuljettajaa.",Etsit√§√§n uutta kuljettajaa!,F√∂raren har avbokat resan f√∂r {#bookingStartTime#}. V√§nta medan vi hittar en ny f√∂rare √•t dig.,S√∂ker efter en ny f√∂rare!
EST_OR_QUOTE_REALLOCATED,REALLOCATE_PRODUCT,ByAllocator,,,"The ride for {#bookingStartTime#}, is cancelled. Please wait while we allocate you another driver.",Searching for a New Driver!,De rit van {#bookingStartTime#} is geannuleerd. We zoeken een nieuwe chauffeur.,Nieuwe chauffeur gezocht!,Die Fahrt um {#bookingStartTime#} wurde storniert. Wir suchen einen neuen Fahrer.,Suchen neuen Fahrer!,La course de {#bookingStartTime#} est annul√©e. Nous cherchons un nouveau chauffeur.,Recherche d'un nouveau chauffeur !,"Kyyti ajalle {#bookingStartTime#} on peruttu. Odota, etsimme sinulle uutta kuljettajaa.",Etsit√§√§n uutta kuljettajaa!,Resan f√∂r {#bookingStartTime#} har avbokats. V√§nta medan vi hittar en ny f√∂rare √•t dig.,S√∂ker efter en ny f√∂rare!
EST_OR_QUOTE_REALLOCATED,REALLOCATE_PRODUCT,ByApplication,,,Sorry your ride for  {#bookingStartTime#} was cancelled. Please wait while we allocate you another driver.,Searching for a New Driver!,"Sorry, uw rit van {#bookingStartTime#} is geannuleerd. We zoeken een nieuwe chauffeur voor u.",Nieuwe chauffeur gezocht!,"Entschuldigung, Ihre Fahrt f√ºr {#bookingStartTime#} wurde storniert. Wir suchen einen neuen Fahrer f√ºr Sie.",Suchen neuen Fahrer!,"D√©sol√©, votre course de {#bookingStartTime#} a √©t√© annul√©e. Nous vous cherchons un nouveau chauffeur.",Recherche d'un nouveau chauffeur !,"Pahoittelut, kyytisi ajalle {#bookingStartTime#} on peruttu. Odota, etsimme sinulle uutta kuljettajaa.",Etsit√§√§n uutta kuljettajaa!,Tyv√§rr avbokades din resa f√∂r {#bookingStartTime#}. V√§nta medan vi hittar en ny f√∂rare √•t dig.,S√∂ker efter en ny f√∂rare!
QUOTE_RECEIVED,QUOTE_RECEIVED,,,,New quote received with price {#quoteFareEstimate#},Quote received!,Nieuwe offerte ontvangen: {#quoteFareEstimate#},Offerte ontvangen!,Neues Angebot erhalten: {#quoteFareEstimate#},Angebot erhalten!,Nouveau devis re√ßu : {#quoteFareEstimate#},Devis re√ßu !,Uusi hintatarjous saatu: {#quoteFareEstimate#},Tarjous saatu!,Ny prisuppgift mottagen: {#quoteFareEstimate#},Prisuppgift mottagen!
DRIVER_ON_THE_WAY,DRIVER_ON_THE_WAY,,,,Driver is on the way,Driver On The Way!,Chauffeur is onderweg,Chauffeur Onderweg!,Fahrer ist unterwegs,Fahrer unterwegs!,Chauffeur en route,Chauffeur en route !,Kuljettaja on matkalla,Kuljettaja on matkalla!,F√∂raren √§r p√• v√§g,F√∂raren √§r p√• v√§g!
DRIVER_HAS_REACHED,DRIVER_HAS_REACHED,,,,Use OTP {#otp#} to verify the ride with Vehicle No. {#vehicleNumber#},Driver Has Reached!,Gebruik OTP {#otp#} om de rit te verifi√´ren met Voertuig Nr. {#vehicleNumber#}.,Chauffeur is Aangekomen!,"Nutze OTP {#otp#}, um die Fahrt mit Fahrzeug-Nr. {#vehicleNumber#} zu best√§tigen.",Fahrer ist da!,Utilisez l'OTP {#otp#} pour v√©rifier la course avec le V√©hicule n¬∞ {#vehicleNumber#}.,Chauffeur Arriv√© !,Vahvista kyyti ajoneuvolle {#vehicleNumber#} koodilla {#otp#},Kuljettaja on saapunut!,Anv√§nd kod {#otp#} f√∂r att verifiera resan med fordon {#vehicleNumber#},F√∂raren har kommit fram!
DRIVER_REACHING,DRIVER_REACHING,,,,Your driver is arriving now! Please be at the pickup location,Driver Arriving Now!,Je chauffeur komt nu aan! Wees op de ophaallocatie.,Chauffeur Komt Nu Aan!,Dein Fahrer kommt jetzt an! Bitte sei am Abholort.,Fahrer kommt jetzt an!,Votre chauffeur arrive ! Soyez au lieu de prise en charge.,Chauffeur Arrive !,Kuljettajasi saapuu nyt! Olethan valmiina noutopaikalla.,Kuljettaja saapuu!,Din f√∂rare anl√§nder nu! V√§nligen var p√• upph√§mtningsplatsen.,F√∂raren anl√§nder nu!
SAFETY_ALERT_DEVIATION,SAFETY_ALERT_DEVIATION,,,,We noticed your ride is on a different route. Are you feeling safe on your trip?,Everything okay?,We zien dat uw rit een andere route volgt. Voelt u zich veilig?,Alles in orde?,"Wir bemerken, dass deine Fahrt von der Route abweicht. F√ºhlst du dich sicher?",Alles okay?,Nous voyons que votre trajet d√©vie. Vous sentez-vous en s√©curit√© ?,Tout va bien ?,"Huomasimme, ett√§ matkasi reitti on muuttunut. Oletko turvassa?",Onko kaikki hyvin?,Vi m√§rkte att din resa tar en annan rutt. K√§nner du dig trygg?,√Ñr allt okej?
DRIVER_BIRTHDAY,DRIVER_BIRTHDAY,,,,"Today is your driver {#driverName#}'s birthday, your warm wishes will make their day even more special!",Driver's Birthday!,"Uw chauffeur {#driverName#} is vandaag jarig, uw wensen maken hun dag speciaal!",Verjaardag Chauffeur!,"Ihr Fahrer {#driverName#} hat heute Geburtstag, Ihre W√ºnsche machen den Tag besonders!",Geburtstag des Fahrers!,"C'est l'anniversaire de votre chauffeur {#driverName#}, vos v≈ìux rendront sa journ√©e sp√©ciale !",Anniversaire du Chauffeur !,T√§n√§√§n on kuljettajasi {#driverName#} syntym√§p√§iv√§. Onnittelut ilahduttaisivat h√§nt√§ varmasti!,Kuljettajan syntym√§p√§iv√§!,Idag fyller din f√∂rare {#driverName#} √•r. En gratulation skulle g√∂ra deras dag!,F√∂rarens f√∂delsedag!
FOLLOW_RIDE,FOLLOW_RIDE,,,,{#name#} wants you to follow their ride,Follow Ride,{#name#} wil dat je hun rit volgt,Volg Rit,"{#name#} m√∂chte, dass du die Fahrt verfolgst",Fahrt verfolgen,{#name#} souhaite que vous suiviez son trajet,Suivre Trajet,{#name#} haluaa sinun seuraavan matkaansa,Seuraa matkaa,{#name#} vill att du f√∂ljer deras resa,F√∂lj resan
STOP_REACHED,STOP_REACHED,,,,{#driverName#} has reached the stop. You may add another stop!,Stop Reached!,{#driverName#} heeft de halte bereikt. Voeg een nieuwe halte toe!,Halte Bereikt!,{#driverName#} hat den Halt erreicht. Du kannst einen weiteren Halt hinzuf√ºgen!,Halt erreicht!,{#driverName#} a atteint l'arr√™t. Vous pouvez en ajouter un autre !,Arr√™t Atteint !,{#driverName#} on saapunut pys√§hdyspaikalle. Voit lis√§t√§ uuden pys√§hdyksen!,Pys√§hdyspaikka saavutettu!,{#driverName#} har n√•tt stoppet. Du kan l√§gga till ett nytt stopp!,Stopp n√•tt!
TICKET_CANCELLED,CANCELLED_PRODUCT,,,,"Sorry, Ticket Booking {#ticketBookingId#} having {#ticketBookingCategoryName#} Service is cancelled will be Refunded. Check the app for details.",{#ticketBookingCategoryName#} Ticket Service is Cancelled,"Sorry, Ticket {#ticketBookingId#} ({#ticketBookingCategoryName#}) is geannuleerd en wordt terugbetaald. Check de app.",{#ticketBookingCategoryName#} Ticket Geannuleerd,"Ticket {#ticketBookingId#} ({#ticketBookingCategoryName#}) storniert, Erstattung folgt. Details in der App.",{#ticketBookingCategoryName#} Ticket Storniert,"D√©sol√©, le Ticket {#ticketBookingId#} ({#ticketBookingCategoryName#}) est annul√© et sera rembours√©. Voir l'app.",Ticket {#ticketBookingCategoryName#} Annul√©,"Pahoittelut, lippuvaraus {#ticketBookingId#} ({#ticketBookingCategoryName#}) on peruttu ja hyvitet√§√§n. Katso tiedot sovelluksesta.",{#ticketBookingCategoryName#} -palvelu peruttu,Tyv√§rr har biljettbokning {#ticketBookingId#} ({#ticketBookingCategoryName#}) avbokats och √•terbetalas. Se appen f√∂r detaljer.,{#ticketBookingCategoryName#}-tj√§nst avbokad
TRIP_UPDATED,TRIP_UPDATED,,,,Your edit request was accepted by your driver!,Destination and Fare Updated,Je wijzigingsverzoek is geaccepteerd door je chauffeur!,Bestemming & Prijs Bijgewerkt,Deine √Ñnderungsanfrage wurde vom Fahrer akzeptiert!,Ziel & Fahrpreis Aktualisiert,Votre demande de modification a √©t√© accept√©e !,Destination & Tarif Mis √† Jour,Kuljettaja hyv√§ksyi muutospyynt√∂si!,M√§√§r√§np√§√§ ja hinta p√§ivitetty,Din √§ndringsbeg√§ran godk√§ndes av f√∂raren!,Destination och pris uppdaterat
DRIVER_QUOTE_INCOMING,DRIVER_QUOTE_INCOMING,,Delivery_OneWayOnDemandDynamicOffer,,There are new driver offers for delivering your parcel. Check the app for details.,New delivery offers available!,Nieuwe aanbiedingen voor het bezorgen van je pakket. Check de app.,Nieuwe bezorgaanbiedingen!,Neue Angebote f√ºr deine Paketzustellung. Details in der App.,Neue Lieferangebote!,Nouvelles offres pour livrer votre colis. Voir l'app.,Nouvelles offres de livraison !,Uusia tarjouksia pakettisi kuljetukselle. Katso tiedot sovelluksesta.,Uusia kuljetustarjouksia!,Det finns nya f√∂rarerbjudanden f√∂r din paketleverans. Se appen f√∂r detaljer.,Nya leveranserbjudanden!
DRIVER_ASSIGNMENT,DRIVER_ASSIGNMENT,,Delivery_OneWayOnDemandDynamicOffer,,{#driverName#} will be handling the delivery of your parcel.,Driver assigned to your parcel!,{#driverName#} verzorgt de bezorging van je pakket.,Chauffeur voor je pakket!,{#driverName#} wird dein Paket zustellen.,Fahrer f√ºr dein Paket!,{#driverName#} s'occupera de la livraison de votre colis.,Chauffeur pour votre colis !,{#driverName#} hoitaa pakettisi kuljetuksen.,Kuljettaja nimetty!,{#driverName#} kommer att hantera leveransen av ditt paket.,F√∂rare tilldelad ditt paket!
TRIP_STARTED,TRIP_STARTED,,Delivery_OneWayOnDemandDynamicOffer,,Your parcel with {#driverName#} is now en route. Track it live in the app!,Your parcel is on the move!,Je pakket met {#driverName#} is onderweg. Volg het live in de app!,Je pakket is onderweg!,Dein Paket mit {#driverName#} ist unterwegs. Verfolge es live in der App!,Dein Paket ist unterwegs!,Votre colis avec {#driverName#} est en route. Suivez-le en direct dans l'app !,Votre colis est en route !,Pakettisi on matkalla kuljettajan {#driverName#} kyydiss√§. Seuraa l√§hetyst√§ sovelluksessa!,Pakettisi on liikkeell√§!,Ditt paket med {#driverName#} √§r nu p√• v√§g. Sp√•ra det live i appen!,Ditt paket √§r p√• v√§g!
TRIP_FINISHED,TRIP_FINISHED,,Delivery_OneWayOnDemandDynamicOffer,,Your parcel has been delivered successfully by {#driverName#}. Total Fare {#totalFare#},Parcel delivered!,Je pakket is bezorgd door {#driverName#}. Totaalbedrag {#totalFare#},Pakket bezorgd!,Dein Paket wurde von {#driverName#} zugestellt. Gesamtpreis {#totalFare#},Paket zugestellt!,Votre colis a √©t√© livr√© par {#driverName#}. Prix total {#totalFare#},Colis livr√© !,Kuljettaja {#driverName#} on toimittanut pakettisi onnistuneesti. Hinta yhteens√§ {#totalFare#},Paketti toimitettu!,Ditt paket har levererats av {#driverName#}. Totalt pris {#totalFare#},Paket levererat!
EXPIRED_CASE,EXPIRED_CASE,,Delivery_OneWayOnDemandDynamicOffer,,Your delivery request expired as no offers were confirmed. Please book again to continue.,Delivery request expired!,"Je bezorgverzoek is verlopen, geen aanbod bevestigd. Boek opnieuw.",Bezorgverzoek verlopen!,"Deine Lieferanfrage ist abgelaufen, da kein Angebot best√§tigt wurde. Buche erneut.",Lieferanfrage abgelaufen!,"Votre demande de livraison a expir√©, aucune offre confirm√©e. R√©servez √† nouveau.",Demande de livraison expir√©e !,"Kuljetuspyynt√∂ vanheni, koska tarjouksia ei hyv√§ksytty. Tilaa uudelleen jatkaaksesi.",Kuljetuspyynt√∂ vanhentui!,Din leveransf√∂rfr√•gan l√∂pte ut d√• inga erbjudanden bekr√§ftades. Boka igen f√∂r att forts√§tta.,Leveransf√∂rfr√•gan utl√∂pt!
BOOKING_CANCEL_WITH_RIDE,CANCELLED_PRODUCT,ByUser,Delivery_OneWayOnDemandDynamicOffer,,You cancelled the parcel delivery scheduled for {#bookingStartTime#}. Check the app for details.,Parcel delivery cancelled!,Je hebt de pakketbezorging voor {#bookingStartTime#} geannuleerd. Check de app.,Pakketbezorging geannuleerd!,Du hast die Paketzustellung f√ºr {#bookingStartTime#} storniert. Details in der App.,Paketzustellung storniert!,Vous avez annul√© la livraison pour {#bookingStartTime#}. Voir l'app.,Livraison de colis annul√©e !,Olet perunut pakettikuljetuksen ajalle {#bookingStartTime#}. Katso tiedot sovelluksesta.,Pakettikuljetus peruttu,Du avbokade paketleveransen f√∂r {#bookingStartTime#}. Se appen f√∂r detaljer.,Paketleverans avbokad
BOOKING_CANCEL_WITH_RIDE,CANCELLED_PRODUCT,ByMerchant,Delivery_OneWayOnDemandDynamicOffer,,"""{#orgName#}"" agency had to cancel the parcel delivery scheduled for {#bookingStartTime#}. Please book again to get another ride.",Parcel delivery cancelled!,"Agentschap ""{#orgName#}"" moest de pakketbezorging voor {#bookingStartTime#} annuleren. Boek alstublieft opnieuw voor een andere rit.",Pakketbezorging geannuleerd!,"Die Agentur ""{#orgName#}"" musste die Paketzustellung f√ºr {#bookingStartTime#} stornieren. Bitte buchen Sie erneut, um eine andere Fahrt zu erhalten.",Paketzustellung storniert!,"L'agence ""{#orgName#}"" a d√ª annuler la livraison de colis pour {#bookingStartTime#}. Veuillez r√©server √† nouveau pour un autre trajet.",Livraison de colis annul√©e !,{#orgName#} joutui perumaan pakettikuljetuksen ajalle {#bookingStartTime#}. Tilaa uusi kuljetus.,Pakettikuljetus peruttu!,{#orgName#} var tvungna att avboka paketleveransen f√∂r {#bookingStartTime#}. Boka ny leverans.,Paketleverans avbokad!
BOOKING_CANCEL_WITH_RIDE,CANCELLED_PRODUCT,ByDriver,Delivery_OneWayOnDemandDynamicOffer,,The driver had to cancel the parcel delivery scheduled for {#bookingStartTime#}. Please book again to get another ride.,Parcel delivery cancelled!,De chauffeur moest de bezorging annuleren. Boek opnieuw.,Pakketbezorging geannuleerd!,Der Fahrer musste die Zustellung stornieren. Bitte buche erneut.,Paketzustellung storniert!,Le chauffeur a d√ª annuler la livraison. R√©servez √† nouveau.,Livraison de colis annul√©e !,Kuljettaja joutui perumaan pakettikuljetuksen ajalle {#bookingStartTime#}. Tilaa uusi kuljetus.,Pakettikuljetus peruttu!,F√∂raren var tvungen att avboka paketleveransen f√∂r {#bookingStartTime#}. Boka ny leverans.,Paketleverans avbokad!
BOOKING_CANCEL_WITH_RIDE,CANCELLED_PRODUCT,ByAllocator,Delivery_OneWayOnDemandDynamicOffer,,The parcel delivery for {#bookingStartTime#} was cancelled as we could not find a driver. Please book again to get another ride.,Parcel delivery cancelled!,"Pakketbezorging geannuleerd, geen chauffeur gevonden. Boek opnieuw.",Pakketbezorging geannuleerd!,"Zustellung storniert, kein Fahrer gefunden. Bitte buche erneut.",Paketzustellung storniert!,"Livraison annul√©e, aucun chauffeur trouv√©. R√©servez √† nouveau.",Livraison de colis annul√©e !,"Pakettikuljetus ajalle {#bookingStartTime#} peruttiin, koska kuljettajaa ei l√∂ytynyt. Tilaa uusi kuljetus.",Pakettikuljetus peruttu!,Paketleveransen f√∂r {#bookingStartTime#} avbokades d√• vi inte hittade n√•gon f√∂rare. Boka ny leverans.,Paketleverans avbokad!
BOOKING_CANCEL_WITH_RIDE,CANCELLED_PRODUCT,ByApplication,Delivery_OneWayOnDemandDynamicOffer,,Sorry your parcel delivery for {#bookingStartTime#} was cancelled. Please try to book again.,Parcel delivery cancelled!,"Sorry, je pakketbezorging is geannuleerd. Probeer opnieuw te boeken.",Pakketbezorging geannuleerd!,"Entschuldigung, deine Paketzustellung wurde storniert. Bitte versuche es erneut.",Paketzustellung storniert!,"D√©sol√©, votre livraison a √©t√© annul√©e. Veuillez r√©essayer.",Livraison de colis annul√©e !,"Pahoittelut, pakettikuljetuksesi ajalle {#bookingStartTime#} on peruttu. Tilaa uusi kuljetus.",Pakettikuljetus peruttu!,Tyv√§rr avbokades din paketleverans f√∂r {#bookingStartTime#}. F√∂rs√∂k boka igen.,Paketleverans avbokad!
BOOKING_CANCEL_WITH_NO_RIDE,CANCELLED_PRODUCT,ByUser,Delivery_OneWayOnDemandDynamicOffer,,You cancelled the parcel delivery scheduled for {#bookingStartTime#}. Check the app for details.,Parcel delivery cancelled!,Je hebt de pakketbezorging voor {#bookingStartTime#} geannuleerd. Check de app.,Pakketbezorging geannuleerd!,Du hast die Paketzustellung f√ºr {#bookingStartTime#} storniert. Details in der App.,Paketzustellung storniert!,Vous avez annul√© la livraison pour {#bookingStartTime#}. Voir l'app.,Livraison de colis annul√©e !,Olet perunut pakettikuljetuksen ajalle {#bookingStartTime#}. Katso tiedot sovelluksesta.,Pakettikuljetus peruttu!,Du avbokade paketleveransen f√∂r {#bookingStartTime#}. Se appen f√∂r detaljer.,Paketleverans avbokad!
BOOKING_CANCEL_WITH_NO_RIDE,CANCELLED_PRODUCT,ByMerchant,Delivery_OneWayOnDemandDynamicOffer,,"""{#orgName#}"" agency had to cancel the parcel delivery scheduled for {#bookingStartTime#}. Please book again to get another ride.",Parcel delivery cancelled!,"Agentschap ""{#orgName#}"" moest de pakketbezorging voor {#bookingStartTime#} annuleren. Boek alstublieft opnieuw voor een andere rit.",Pakketbezorging geannuleerd!,"Die Agentur ""{#orgName#}"" musste die Paketzustellung f√ºr {#bookingStartTime#} stornieren. Bitte buchen Sie erneut, um eine andere Fahrt zu erhalten.",Paketzustellung storniert!,"L'agence ""{#orgName#}"" a d√ª annuler la livraison de colis pour {#bookingStartTime#}. Veuillez r√©server √† nouveau pour un autre trajet.",Livraison de colis annul√©e !,{#orgName#} joutui perumaan pakettikuljetuksen ajalle {#bookingStartTime#}. Tilaa uusi kuljetus.,Pakettikuljetus peruttu!,{#orgName#} var tvungna att avboka paketleveransen f√∂r {#bookingStartTime#}. Boka ny leverans.,Paketleverans avbokad!
BOOKING_CANCEL_WITH_NO_RIDE,CANCELLED_PRODUCT,ByDriver,Delivery_OneWayOnDemandDynamicOffer,,"Sorry, we could not find any driver for your parcel delivery at {#bookingStartTime#}. Please try to book again.",Parcel delivery cancelled!,"Sorry, geen chauffeur gevonden voor je pakket. Probeer opnieuw te boeken.",Pakketbezorging geannuleerd!,Leider keinen Fahrer f√ºr dein Paket gefunden. Bitte versuche es erneut.,Paketzustellung storniert!,"D√©sol√©, aucun chauffeur trouv√© pour votre colis. Veuillez r√©essayer.",Livraison de colis annul√©e !,"Pahoittelut, emme l√∂yt√§neet kuljettajaa pakettikuljetukselle ajalle {#bookingStartTime#}. Tilaa uusi kuljetus.",Pakettikuljetus peruttu!,Tyv√§rr kunde vi inte hitta n√•gon f√∂rare f√∂r din paketleverans {#bookingStartTime#}. F√∂rs√∂k boka igen.,Paketleverans avbokad!
BOOKING_CANCEL_WITH_NO_RIDE,CANCELLED_PRODUCT,ByAllocator,Delivery_OneWayOnDemandDynamicOffer,,The parcel delivery for {#bookingStartTime#} was cancelled as we could not find a driver. Please book again to get another ride.,Parcel delivery cancelled!,"Pakketbezorging geannuleerd, geen chauffeur gevonden. Boek opnieuw.",Pakketbezorging geannuleerd!,"Zustellung storniert, kein Fahrer gefunden. Bitte buche erneut.",Paketzustellung storniert!,"Livraison annul√©e, aucun chauffeur trouv√©. R√©servez √† nouveau.",Livraison de colis annul√©e !,"Pakettikuljetus ajalle {#bookingStartTime#} peruttiin, koska kuljettajaa ei l√∂ytynyt. Tilaa uusi kuljetus.",Pakettikuljetus peruttu!,Paketleveransen f√∂r {#bookingStartTime#} avbokades d√• vi inte hittade n√•gon f√∂rare. Boka ny leverans.,Paketleverans avbokad!
BOOKING_CANCEL_WITH_NO_RIDE,CANCELLED_PRODUCT,ByApplication,Delivery_OneWayOnDemandDynamicOffer,,"Sorry, we could not find any driver for your parcel delivery at {#bookingStartTime#}. Please try to book again.",Parcel delivery cancelled!,"Sorry, geen chauffeur gevonden voor je pakket. Probeer opnieuw te boeken.",Pakketbezorging geannuleerd!,Leider keinen Fahrer f√ºr dein Paket gefunden. Bitte versuche es erneut.,Paketzustellung storniert!,"D√©sol√©, aucun chauffeur trouv√© pour votre colis. Veuillez r√©essayer.",Livraison de colis annul√©e !,"Pahoittelut, emme l√∂yt√§neet kuljettajaa pakettikuljetukselle ajalle {#bookingStartTime#}. Tilaa uusi kuljetus.",Pakettikuljetus peruttu!,Tyv√§rr kunde vi inte hitta n√•gon f√∂rare f√∂r din paketleverans {#bookingStartTime#}. F√∂rs√∂k boka igen.,Paketleverans avbokad!
BOOKING_REALLOCATED,REALLOCATE_PRODUCT,,Delivery_OneWayOnDemandDynamicOffer,,The driver had to cancel the parcel delivery for {#bookingStartTime#}. Please wait until we allocate another driver.,Reallocating your parcel delivery!,De chauffeur heeft de bezorging geannuleerd. We zoeken een nieuwe chauffeur.,Nieuwe bezorger wordt gezocht!,Der Fahrer hat die Zustellung storniert. Wir suchen einen neuen Fahrer.,Neue Zustellung wird gesucht!,Le chauffeur a annul√© la livraison. Nous cherchons un nouveau livreur.,R√©attribution de votre livraison !,"Kuljettaja joutui perumaan pakettikuljetuksen ajalle {#bookingStartTime#}. Odota, etsimme uutta kuljettajaa.",Etsit√§√§n uutta kuljettajaa!,F√∂raren var tvungen att avboka paketleveransen f√∂r {#bookingStartTime#}. V√§nta medan vi hittar en ny f√∂rare.,Omf√∂rdelar din paketleverans!
EST_OR_QUOTE_REALLOCATED,REALLOCATE_PRODUCT,ByUser,Delivery_OneWayOnDemandDynamicOffer,,You have cancelled your parcel delivery for {#bookingStartTime#}. Please wait while we allocate you another driver.,Searching for a New Driver!,Je hebt je bezorging geannuleerd. We zoeken een nieuwe chauffeur.,Nieuwe chauffeur gezocht!,Du hast deine Zustellung storniert. Wir suchen einen neuen Fahrer.,Suchen neuen Fahrer!,Vous avez annul√© votre livraison. Nous cherchons un nouveau chauffeur.,Recherche d'un nouveau chauffeur !,"Olet perunut pakettikuljetuksen ajalle {#bookingStartTime#}. Odota, etsimme uutta kuljettajaa.",Etsit√§√§n uutta kuljettajaa!,Du har avbokat din paketleverans f√∂r {#bookingStartTime#}. V√§nta medan vi hittar en ny f√∂rare.,S√∂ker efter en ny f√∂rare!
EST_OR_QUOTE_REALLOCATED,REALLOCATE_PRODUCT,ByMerchant,Delivery_OneWayOnDemandDynamicOffer,,"The parcel delivery for {#bookingStartTime#}, is cancelled. Please wait while we allocate you another driver.",Searching for a New Driver!,De pakketbezorging voor {#bookingStartTime#} is geannuleerd. We zoeken een nieuwe chauffeur.,Nieuwe chauffeur gezocht!,Die Paketzustellung f√ºr {#bookingStartTime#} ist storniert. Wir suchen einen neuen Fahrer.,Suchen neuen Fahrer!,La livraison pour {#bookingStartTime#} est annul√©e. Nous cherchons un nouveau chauffeur.,Recherche d'un nouveau chauffeur !,"Pakettikuljetus ajalle {#bookingStartTime#} on peruttu. Odota, etsimme uutta kuljettajaa.",Etsit√§√§n uutta kuljettajaa!,Paketleveransen f√∂r {#bookingStartTime#} har avbokats. V√§nta medan vi hittar en ny f√∂rare.,S√∂ker efter en ny f√∂rare!
EST_OR_QUOTE_REALLOCATED,REALLOCATE_PRODUCT,ByDriver,Delivery_OneWayOnDemandDynamicOffer,,The driver had cancelled the parcel delivery for {#bookingStartTime#}. Please wait while we allocate you another driver.,Searching for a New Driver!,De chauffeur heeft de bezorging geannuleerd. We zoeken een nieuwe chauffeur.,Nieuwe chauffeur gezocht!,Der Fahrer hat die Zustellung storniert. Wir suchen einen neuen Fahrer.,Suchen neuen Fahrer!,Le chauffeur a annul√© la livraison. Nous cherchons un nouveau chauffeur.,Recherche d'un nouveau chauffeur !,"Kuljettaja on perunut pakettikuljetuksen ajalle {#bookingStartTime#}. Odota, etsimme uutta kuljettajaa.",Etsit√§√§n uutta kuljettajaa!,F√∂raren har avbokat paketleveransen f√∂r {#bookingStartTime#}. V√§nta medan vi hittar en ny f√∂rare.,S√∂ker efter en ny f√∂rare!
EST_OR_QUOTE_REALLOCATED,REALLOCATE_PRODUCT,ByAllocator,Delivery_OneWayOnDemandDynamicOffer,,"The parcel delivery for {#bookingStartTime#}, is cancelled. Please wait while we allocate you another driver.",Searching for a New Driver!,De pakketbezorging voor {#bookingStartTime#} is geannuleerd. We zoeken een nieuwe chauffeur.,Nieuwe chauffeur gezocht!,Die Paketzustellung f√ºr {#bookingStartTime#} ist storniert. Wir suchen einen neuen Fahrer.,Suchen neuen Fahrer!,La livraison pour {#bookingStartTime#} est annul√©e. Nous cherchons un nouveau chauffeur.,Recherche d'un nouveau chauffeur !,"Pakettikuljetus ajalle {#bookingStartTime#} on peruttu. Odota, etsimme uutta kuljettajaa.",Etsit√§√§n uutta kuljettajaa!,Paketleveransen f√∂r {#bookingStartTime#} har avbokats. V√§nta medan vi hittar en ny f√∂rare.,S√∂ker efter en ny f√∂rare!
EST_OR_QUOTE_REALLOCATED,REALLOCATE_PRODUCT,ByApplication,Delivery_OneWayOnDemandDynamicOffer,,Sorry your parcel delivery for {#bookingStartTime#} was cancelled. Please wait while we allocate you another driver.,Searching for a New Driver!,"Sorry, je bezorging is geannuleerd. We zoeken een nieuwe chauffeur.",Nieuwe chauffeur gezocht!,"Entschuldigung, deine Zustellung wurde storniert. Wir suchen einen neuen Fahrer.",Suchen neuen Fahrer!,"D√©sol√©, votre livraison est annul√©e. Nous cherchons un nouveau chauffeur.",Recherche d'un nouveau chauffeur !,"Pahoittelut, pakettikuljetuksesi ajalle {#bookingStartTime#} on peruttu. Odota, etsimme uutta kuljettajaa.",Etsit√§√§n uutta kuljettajaa!,Tyv√§rr avbokades din paketleverans f√∂r {#bookingStartTime#}. V√§nta medan vi hittar en ny f√∂rare.,S√∂ker efter en ny f√∂rare!
QUOTE_RECEIVED,QUOTE_RECEIVED,,Delivery_OneWayOnDemandDynamicOffer,,You've received a new quote for delivering your parcel: {#quoteFareEstimate#},Delivery quote received!,Nieuwe offerte voor je pakket: {#quoteFareEstimate#},Offerte bezorging!,Neues Angebot f√ºr dein Paket: {#quoteFareEstimate#},Lieferangebot erhalten!,Nouveau devis pour votre colis : {#quoteFareEstimate#},Devis de livraison re√ßu !,Sait uuden hintatarjouksen pakettikuljetukselle: {#quoteFareEstimate#},Kuljetustarjous saatu!,Du har f√•tt en ny prisuppgift f√∂r paketleverans: {#quoteFareEstimate#},Leveranspris mottaget!
DRIVER_ON_THE_WAY,DRIVER_ON_THE_WAY,,Delivery_OneWayOnDemandDynamicOffer,,Driver is heading to the pickup location for your parcel.,Driver On The Way!,Chauffeur is onderweg naar de ophaallocatie van je pakket.,Chauffeur Onderweg!,Fahrer ist auf dem Weg zum Abholort deines Pakets.,Fahrer unterwegs!,Le chauffeur se dirige vers le lieu de collecte de votre colis.,Chauffeur en route !,Kuljettaja on matkalla noutamaan pakettia.,Kuljettaja on matkalla!,F√∂raren √§r p√• v√§g till upph√§mtningsplatsen f√∂r ditt paket.,F√∂raren √§r p√• v√§g!
DRIVER_HAS_REACHED,DRIVER_HAS_REACHED,,Delivery_OneWayOnDemandDynamicOffer,,Use OTP {#otp#} to verify the pickup with Vehicle No. {#vehicleNumber#},Driver at pickup location!,Gebruik OTP {#otp#} voor verificatie bij Voertuig Nr. {#vehicleNumber#}.,Chauffeur op ophaallocatie!,Nutze OTP {#otp#} zur Best√§tigung bei Fahrzeug-Nr. {#vehicleNumber#}.,Fahrer am Abholort!,Utilisez l'OTP {#otp#} pour v√©rifier la collecte avec le V√©hicule n¬∞ {#vehicleNumber#}.,Chauffeur au lieu de collecte !,Vahvista nouto ajoneuvolle {#vehicleNumber#} koodilla {#otp#},Kuljettaja noutopaikalla!,Anv√§nd kod {#otp#} f√∂r att verifiera upph√§mtning med fordon {#vehicleNumber#},F√∂raren vid upph√§mtning!
DRIVER_HAS_REACHED_DESTINATION,DRIVER_HAS_REACHED_DESTINATION,,Delivery_OneWayOnDemandDynamicOffer,,Driver has reached the parcel drop location,Driver reached destination!,Chauffeur heeft de afleverlocatie bereikt.,Chauffeur op bestemming!,Fahrer hat den Abgabeort erreicht.,Fahrer am Zielort!,Le chauffeur a atteint le lieu de livraison.,Chauffeur √† destination !,Kuljettaja on saapunut paketin j√§tt√∂paikkaan.,Kuljettaja m√§√§r√§np√§√§ss√§!,F√∂raren har n√•tt paketets avl√§mningsplats.,F√∂raren framme vid m√•let!
DRIVER_REACHING,DRIVER_REACHING,,Delivery_OneWayOnDemandDynamicOffer,,Your driver is almost at the pickup location. Please be ready.,Driver Arriving Now!,Je chauffeur is bijna op de ophaallocatie. Wees er klaar voor.,Chauffeur Komt Nu Aan!,Dein Fahrer ist fast am Abholort. Bitte sei bereit.,Fahrer kommt jetzt an!,Votre chauffeur est presque au lieu de collecte. Soyez pr√™t.,Chauffeur Arrive !,Kuljettaja on melkein noutopaikalla. Olethan valmiina.,Kuljettaja saapuu!,Din f√∂rare √§r snart vid upph√§mtningsplatsen. Var redo.,F√∂raren anl√§nder nu!
SAFETY_ALERT_DEVIATION,SAFETY_ALERT_DEVIATION,,Delivery_OneWayOnDemandDynamicOffer,,Your parcel's delivery route has changed unexpectedly. Check the app for details.,Parcel delivery safety alert!,De route van je pakket is onverwacht gewijzigd. Check de app.,Veiligheidsalert pakket!,Die Route deines Pakets hat sich ge√§ndert. Details in der App.,Sicherheitsalarm Zustellung!,L'itin√©raire de votre colis a chang√©. Voir l'app.,Alerte s√©curit√© livraison !,Pakettikuljetuksen reitti on muuttunut odottamattomasti. Tarkista tiedot sovelluksesta.,Paketin turvallisuusilmoitus!,Paketets leveransrutt har √§ndrats ov√§ntat. Se appen f√∂r detaljer.,S√§kerhetsvarning f√∂r paket!
DRIVER_BIRTHDAY,DRIVER_BIRTHDAY,,Delivery_OneWayOnDemandDynamicOffer,,"Today is your driver {#driverName#}'s birthday, wish them well when they deliver your parcel!",Driver's Birthday!,"Je chauffeur {#driverName#} is vandaag jarig, wens ze een fijne dag bij de bezorging!",Verjaardag Chauffeur!,"Dein Fahrer {#driverName#} hat heute Geburtstag, w√ºnsche ihm alles Gute bei der Zustellung!",Geburtstag des Fahrers!,"C'est l'anniversaire de votre livreur {#driverName#}, souhaitez-le-lui √† la livraison !",Anniversaire du Chauffeur !,T√§n√§√§n on kuljettajasi {#driverName#} syntym√§p√§iv√§. Onnittelut ilahduttaisivat h√§nt√§!,Kuljettajan syntym√§p√§iv√§!,Idag fyller din f√∂rare {#driverName#} √•r. Gratta dem g√§rna n√§r de l√§mnar paketet!,F√∂rarens f√∂delsedag!
FOLLOW_RIDE,FOLLOW_RIDE,,Delivery_OneWayOnDemandDynamicOffer,,{#name#} wants you to follow their parcel delivery,Follow Parcel Delivery,{#name#} wil dat je hun pakketbezorging volgt,Volg Pakketbezorging,"{#name#} m√∂chte, dass du die Paketzustellung verfolgst",Paketzustellung verfolgen,{#name#} souhaite que vous suiviez sa livraison de colis,Suivre la livraison,{#name#} haluaa sinun seuraavan pakettikuljetustaan,Seuraa pakettikuljetusta,{#name#} vill att du f√∂ljer deras paketleverans,F√∂lj paketleverans
PARCEL_IMAGE_UPLOADED,FILE_UPLOADED,,Delivery_OneWayOnDemandDynamicOffer,,Your parcel image is uploaded by driver. Please open app to see it.,Parcel image uploaded,Je pakketfoto is ge√ºpload door de chauffeur. Open de app om te zien.,Pakketfoto ge√ºpload,"Dein Paketbild wurde vom Fahrer hochgeladen. √ñffne die App, um es zu sehen.",Paketbild hochgeladen,La photo de votre colis a √©t√© charg√©e. Ouvrez l'app pour la voir.,Photo du colis charg√©e,Kuljettaja on ladannut kuvan paketista. Avaa sovellus n√§hd√§ksesi sen.,Paketin kuva ladattu,F√∂raren har laddat upp en bild p√• paketet. √ñppna appen f√∂r att se den.,Bild p√• paket uppladdad
RIDE_START_REMINDER,SCHEDULED_RIDE_NOTIFICATION,,,,Ride starts at {#rideStartTime#}. Details will be shared shortly.,{#isRentalOrIntercity#} Booking Reminder.,Rit start om {#rideStartTime#}. Details volgen spoedig.,{#isRentalOrIntercity#} Herinnering,Fahrt beginnt um {#rideStartTime#}. Details folgen in K√ºrze.,{#isRentalOrIntercity#} Erinnerung,Trajet √† {#rideStartTime#}. D√©tails √† venir.,Rappel {#isRentalOrIntercity#},Kyyti alkaa klo {#rideStartTime#}. Lis√§tiedot toimitetaan pian.,{#isRentalOrIntercity#} Varausmuistutus,Resan startar kl. {#rideStartTime#}. Detaljer kommer strax.,{#isRentalOrIntercity#} Bokningsp√•minnelse
RIDE_START_END_OTP,SCHEDULED_RIDE_NOTIFICATION,,,,"Dear User, Your ride start OTP is {#rideStartOtp#}. The driver will reach 15 minutes prior to the scheduled start time.",Ride Start OTP,"Beste gebruiker, uw start-OTP is {#rideStartOtp#}. De chauffeur is er 15 min. van tevoren.",Start-OTP Rit,"Sehr geehrter Nutzer, Ihr Start-OTP lautet {#rideStartOtp#}. Der Fahrer ist 15 Min. vorher da.",Fahrt-Start-OTP,"Cher utilisateur, votre OTP de d√©part est {#rideStartOtp#}. Le chauffeur arrivera 15 min avant.",OTP de D√©part,"Hyv√§ asiakas, matkan aloituskoodisi on {#rideStartOtp#}. Kuljettaja saapuu 15 min ennen aloitusaikaa.",Matkan aloituskoodi,"K√§ra kund, din startkod √§r {#rideStartOtp#}. F√∂raren anl√§nder 15 minuter f√∂re starttiden.",Startkod f√∂r resa
SAFETY_ALERT_RIDE_STOPPAGE,SAFETY_ALERT_RIDE_STOPPAGE,,,,We noticed your driver has not moved for a while. Are you feeling safe on your trip?,Everything okay?,We zien dat uw chauffeur stilstaat. Voelt u zich veilig tijdens de rit?,Alles in orde?,"Wir sehen, dass Ihr Fahrer eine Weile nicht gefahren ist. F√ºhlen Sie sich sicher?",Alles okay?,Nous voyons que votre chauffeur ne bouge plus. Vous sentez-vous en s√©curit√© ?,Tout va bien ?,"Huomasimme, ettei kuljettaja ole liikkunut hetkeen. Oletko turvassa?",Onko kaikki hyvin?,Vi m√§rkte att din resa tar en annan rutt. K√§nner du dig trygg?,√Ñr allt okej?
REFERRAL_REWARD_ADD_VPA,PAYOUT_REWARD,,,,Your friend's first ride is complete! Add UPI ID and earn referral reward.,üí∏ Ka-ching! You Just Earned a Reward,De eerste rit van je vriend is voltooid! Voeg UPI ID toe en verdien je beloning.,üí∏ Tjing-tjing! Beloning verdiend,Die erste Fahrt deines Freundes ist abgeschlossen! F√ºge eine UPI-ID hinzu und erhalte deine Pr√§mie.,üí∏ Kaching! Pr√§mie erhalten,Le 1er trajet de votre ami est termin√© ! Ajoutez un ID UPI et gagnez votre r√©compense.,üí∏ Super ! R√©compense gagn√©e,Yst√§v√§si ensimm√§inen matka on tehty! Lis√§√§ maksutiedot ja lunasta palkkio.,üí∏ Ka-ching! Ansaitsit juuri palkkion,Din v√§ns f√∂rsta resa √§r klar! L√§gg till betalningsuppgifter f√∂r att f√• din bel√∂ning.,üí∏ Ka-ching! Du har precis tj√§nat en bel√∂ning
REFERRAL_REWARD,PAYOUT_REWARD,,,,Your friend's first ride is complete! Keep the buzz going‚Äîrefer more friends and earn for every new rider.,üí∏ Ka-ching! You Just Earned a Reward,De eerste rit van je vriend is voltooid! Blijf doorverwijzen en verdien meer.,üí∏ Tjing-tjing! Beloning verdiend,Die erste Fahrt deines Freundes ist abgeschlossen! Werbe mehr Freunde und verdiene.,üí∏ Kaching! Pr√§mie erhalten,Le 1er trajet de votre ami est termin√© ! Parrainez plus d'amis pour gagner plus.,üí∏ Super ! R√©compense gagn√©e,Yst√§v√§si ensimm√§inen matka on tehty! Kutsu lis√§√§ kavereita ja tienaa jokaisesta uudesta matkustajasta.,üí∏ Ka-ching! Ansaitsit juuri palkkion,Din v√§ns f√∂rsta resa √§r klar! V√§rva fler v√§nner och tj√§na pengar f√∂r varje ny passagerare.,üí∏ Ka-ching! Du har precis tj√§nat en bel√∂ning
REFERRED_BY_REWARD_ADD_VPA,PAYOUT_REWARD,,,,"Add UPI ID and earn the reward. Thanks for using Bridge, Keep supporting our drivers !",üí∏ Ka-ching! You Just Earned a Reward,"Voeg UPI ID toe en verdien de beloning. Bedankt voor het gebruiken van Bridge, blijf onze chauffeurs steunen!",üí∏ Tjing-tjing! Beloning verdiend,"F√ºge eine UPI-ID hinzu und erhalte die Pr√§mie. Danke, dass du Bridge nutzt. Unterst√ºtze weiterhin unsere Fahrer!",üí∏ Kaching! Pr√§mie erhalten,"Ajoutez un ID UPI et gagnez la r√©compense. Merci d'utiliser Bridge, continuez √† soutenir nos chauffeurs !",üí∏ Super ! R√©compense gagn√©e,"Lis√§√§ maksutiedot ja lunasta palkkio. Kiitos, ett√§ k√§yt√§t Lynxi√§ ja tuet kuljettajiamme!",üí∏ Ka-ching! Ansaitsit juuri palkkion,L√§gg till betalningsuppgifter f√∂r att f√• bel√∂ningen. Tack f√∂r att du anv√§nder Lynx!,üí∏ Ka-ching! Du har precis tj√§nat en bel√∂ning
REFERRAL_BONUS_EARNED,PAYOUT_REWARD,,,,Your referral reward credited to your account. Thanks for using Bridge!!,üí∏ Ka-ching! You Just Earned a Reward,Je doorverwijsbeloning is bijgeschreven. Bedankt voor het gebruiken van Bridge!!,üí∏ Tjing-tjing! Beloning verdiend,"Deine Empfehlungspr√§mie wurde gutgeschrieben. Danke, dass du Bridge nutzt!!",üí∏ Kaching! Pr√§mie erhalten,Votre r√©compense de parrainage a √©t√© cr√©dit√©e. Merci d'utiliser Bridge !!,üí∏ Super ! R√©compense gagn√©e,"Suosittelupalkkio on maksettu tilillesi. Kiitos, ett√§ k√§yt√§t Lynxi√§!",üí∏ Ka-ching! Ansaitsit juuri palkkion,Din v√§rvningsbel√∂ning har satts in p√• ditt konto. Tack f√∂r att du anv√§nder Lynx!,üí∏ Ka-ching! Du har precis tj√§nat en bel√∂ning
REFERRED_BY_REWARD,PAYOUT_REWARD,,,,"Thanks for using Bridge, Keep supporting our drivers !",üí∏ Ka-ching! You Just Earned a Reward,"Bedankt voor het gebruiken van Bridge, blijf onze chauffeurs steunen!",üí∏ Tjing-tjing! Beloning verdiend,"Danke, dass du Bridge nutzt. Unterst√ºtze weiterhin unsere Fahrer!",üí∏ Kaching! Pr√§mie erhalten,"Merci d'utiliser Bridge, continuez √† soutenir nos chauffeurs !",üí∏ Super ! R√©compense gagn√©e,"Kiitos, ett√§ k√§yt√§t Lynxi√§ ja tuet kuljettajiamme!",üí∏ Ka-ching! Ansaitsit juuri palkkion,Tack f√∂r att du anv√§nder Lynx och st√∂ttar v√•ra f√∂rare!,üí∏ Ka-ching! Du har precis tj√§nat en bel√∂ning
ACCOUNT_DELETED,ACCOUNT_DELETED,,,,Your account has been deleted successfully.,Account Deleted!,Je account is succesvol verwijderd.,Account Verwijderd!,Dein Konto wurde erfolgreich gel√∂scht.,Konto gel√∂scht!,Votre compte a √©t√© supprim√© avec succ√®s.,Compte supprim√© !,Tilisi on poistettu onnistuneesti.,Tili poistettu!,Ditt konto har raderats framg√•ngsrikt.,Konto raderat!
ACCOUNT_DELETED,ACCOUNT_DELETED,,Delivery_OneWayOnDemandDynamicOffer,,Your account has been deleted successfully.,Account Deleted!,Je account is succesvol verwijderd.,Account Verwijderd!,Dein Konto wurde erfolgreich gel√∂scht.,Konto gel√∂scht!,Votre compte a √©t√© supprim√© avec succ√®s.,Compte supprim√© !,Tilisi on poistettu onnistuneesti.,Tili poistettu!,Ditt konto har raderats framg√•ngsrikt.,Konto raderat!
TRIP_FINISHED,TRIP_FINISHED,,,,Hope you enjoyed your trip with {#driverName#}. Total Fare {#totalFare#}. Please ensure you've collected all your belongings before leaving the vehicle!,Trip finished!,Hopelijk heb je genoten van je rit met {#driverName#}. Totaalbedrag {#totalFare#}. Vergeet je spullen niet!,Rit voltooid!,"Wir hoffen, du hattest eine gute Fahrt mit {#driverName#}. Gesamtpreis {#totalFare#}. Vergiss deine Sachen nicht!",Fahrt beendet!,Nous esp√©rons que votre trajet avec {#driverName#} vous a plu. Prix total {#totalFare#}. N'oubliez pas vos affaires !,Trajet termin√© !,Toivottavasti viihdyit kuljettajan {#driverName#} kyydiss√§. Hinta yhteens√§ {#totalFare#}. Muistithan ottaa kaikki tavarasi mukaan!,Matka p√§√§ttynyt!,Hoppas du hade en trevlig resa med {#driverName#}. Totalt pris {#totalFare#}. Kontrollera att du f√•tt med dig allt!,Resa avslutad!